{"currentHealth":5,"lastCheckpoint":"","playerInventory":[],"playerPosition":{"x":8.659943580627442,"y":-2.2360944747924806}}